cohort_year,Total_Investors,Total_Transactions,Total_Investment,Average_Investment
2024,4803,32499,3491125187,107422.54183205638
2025,197,279,30455243,109158.5770609319
